PIDN,Ca,P,pH,SOC,Sand
09gt9UK5,-0.00116110974356841,-0.0007561707139483,-0.00193063090493563,-0.00145780079437802,0.00169774062245101
0BVvxJ6a,0.00166757780246239,-0.000379428418853864,0.00325694851391477,0.00010718142363297,-0.00204531452941098
0KbdgApg,-0.000514676256051423,-0.000748644229315905,-0.000511676791374893,-0.000423762486522234,-0.0017185435025391
0MnuuduB,-0.000609448612537776,1.99712073227336e-05,-0.000541152238835577,0.00327207463547684,-0.00296800807651349
0PcIsF9z,-0.00127224496081142,-0.000287613460705402,-0.00319341279541818,0.000130028765437947,0.00126232552064022
0ShTFLYJ,-0.00118617049423679,-0.000438415809390821,-0.00101899732825089,-0.00180924408135254,0.000392755514302094
0XZh9jka,0.000454891034336741,0.00161783496281894,-0.00188450027500519,0.00624091738069572,-0.00243610958076362
0Y7Wegri,-0.00036778380226579,-5.48813265412387e-05,0.00121496799507082,-0.000996772661655163,0.00163685796854489
0dTqplIM,0.00019527894843122,0.00048107240555059,0.000723705605715915,0.00215451175391582,-0.00169596801288491
0lNiZicC,-0.00107767219111939,-0.000728027515611694,-0.000993124813527973,-0.00169549078689793,0.000310248069540903
0rGeJ0QN,-0.000873655185776326,0.00186378939091852,0.000875910556448363,-0.000146338712654587,0.00216352034218046
0sXI9ytQ,-0.00127775406996455,-0.00018374331006644,-0.00183662145577404,-0.00205896107162505,0.00512373213083472
0ukt4aP6,0.00161647900771488,-4.90122118196308e-05,0.00442696483200592,-0.00130016961527872,-0.00160376917952612
1AGspb8f,-0.000856527485450271,-0.000647155811679552,-0.00193377426842476,0.00220719548408341,-0.00177821122219268
1Csy0gvE,-0.00127641744035707,-5.74465034756194e-05,-0.00135728511503977,-0.00177845467088522,0.00328604978062686
1Ic2hly1,-0.000888655730561382,0.00198343806843404,-1.82693505370517e-05,-0.00108487276980312,0.00210592965448213
1PPbaTwt,-0.000837348838743411,-0.000770873424375078,-0.000595585520908129,-0.000491597237414898,0.000419201402970276
1SO5VJNy,-0.00121859310848717,-0.000248257109094545,-0.000298351339880554,-0.00161167921981088,0.00449978010689733
1arHxK3Y,0.00238710896117005,0.00248960077176801,0.00361225958011469,0.000362059263067556,-0.0015936372380217
1fCW4Bba,-7.5995470654484e-06,0.000350590867358211,-8.80727433410447e-05,-0.00044945410941089,-0.000494766378022287
1qDZNvIm,-0.00113661936724154,7.71804723974222e-05,-0.00109279875542568,-0.00186046162473924,0.00447655318718519
28LYJC2V,-0.00109779434651803,-0.000400071875726114,-0.00187970592464486,0.00210879369098401,0.000398093703489355
2CzACvQq,0.00130654028100846,0.000266730753316901,0.00519658332361207,-0.000236576727536211,-0.00192969643583526
2FT3crfv,-0.000340498718211042,-0.000381411392421017,-0.00115583369063262,0.000959764374374876,-0.00175178135774612
2Fy2uHVg,-0.00103795665419679,-0.000637661680551416,-0.000609822097501455,-0.00150352123356,-4.8327031260723e-05
2MkMEApm,-0.00105834595826086,0.00168082726592638,0.000138218025402722,-0.00178776466010696,0.00413912487456664
2NDGWEOe,0.00222976657240356,0.00224601986113745,0.00589010389235083,-0.000680518290439414,-0.00209804154646131
2NyyCiqn,-0.00121539821642516,-0.000117406394820891,-0.000179543066716695,-0.00151220137896518,0.00381190603214308
2QRzIb84,0.00125209858888113,0.00198739651294519,0.00630407062118954,-0.000902471658271131,0.000634920404837019
2QcbdrUZ,-0.000853157953383867,-0.000412792193557827,0.000252998940226986,-0.00123013989184745,-9.42134602366372e-05
2YgAimWK,-0.000943954735390239,0.00143147992520125,0.000676489456288672,-0.00148987602039754,0.00248196160636685
2cx85d9H,-0.000372504624747635,-1.05957590573537e-05,0.000862122892468194,0.000132856224793439,-0.00180473819263756
2homMXMV,-0.00119418113874052,-0.000302737745143712,-0.0022728022315129,-0.000586249701894389,0.00228319787944859
2ldLrUtq,-0.000566412647502122,-0.000895817432599884,-0.00202033332305949,-0.000877259217214842,-0.00151961817201279
2nsACW6G,-0.000846714147680979,-0.000346927956704601,-0.00320869622036819,0.00579915121736879,-0.00282740919756471
2yMbVnWc,-0.000468889926334233,0.00185485778308549,-0.00141853661803573,0.00543406431735199,0.000569369256153269
36r8sgGQ,-0.00118577930430592,-0.000305032572911878,-0.000107790856830844,-0.0017316950500906,0.00405175027073982
3NXAXCl3,-0.00127956358573159,-0.000871604412393673,-0.00265594574725025,0.00206418883365885,-0.0024282135496025
3QG0z6fl,-0.000966416608261705,-0.000562197596765486,0.000215763267508907,-0.0011904039086842,0.000935135161085698
3WS8R9qm,-0.00192947250918119,0.00118231724668529,-0.00260445407298542,0.00723728519769067,-0.00301160229375007
3fRLm8f5,-0.00115210055491979,-3.84069529755437e-05,-0.00246440276506568,0.000355721721394796,0.00259044479277627
3mZhp1nQ,-0.00110158448479616,-0.000319985367017448,-0.000683392349254688,-0.00162339362935834,0.00164249455588091
3pikJXRL,-0.00110380861962504,-0.000833411680695684,-0.00320470447372385,0.00306490314371562,-0.00230298656879517
3pxOEGHL,-0.00127081846745018,-0.000307689772414591,-0.00120500090329639,-0.00168524835983388,0.00345713543955198
3ttdV3f5,-0.000657993831943984,-0.000475273013430717,0.000525502724649529,0.000999848425180874,-0.000817404132193889
3v4X6Mfe,0.00335389076694967,-0.000175829177621922,0.00631015999662353,-0.0014444247776754,-0.000156163868727764
3wORuPiv,-0.000726186785916136,-0.000498058031962088,-0.00156293537928689,0.000310030467533432,-0.00192112689872034
43EfrxZj,-0.000162185159631097,0.000385941592152579,-0.000105723525514307,0.00114297209446198,-0.00216873281824871
457Vwm21,0.000435603227636289,0.000230725449439437,0.00288844212545637,0.00107035234461186,-0.000955481967807979
46KNnOdx,-0.00125759751669258,-0.000485191362897187,-0.00286144387445655,-0.000598697692919419,0.000659987105484951
47TwNsVC,-0.00119699769951653,-0.000223878613155519,-0.00251508841065989,0.00564162970789102,-0.00320127980639389
49856RpO,-0.000996716426071964,-0.000767133365537334,-0.00228462298455978,-0.000883850735573824,-0.000856000012898111
4Ane1o2N,-0.00114398198744085,-8.11808199861332e-05,-0.000611162903454426,-0.00147531270249489,0.000771949097433739
4AyVUgSc,-0.00107596462409919,-0.000381289658767657,-0.000761563539597093,-0.00170312603516221,-0.000520648020622391
4B1951On,-0.000319093231061099,-0.000454174850647289,-8.20468218935116e-05,-0.000828167103885056,0.00107716239004314
4OL39Teo,-0.000129295326095805,0.00188555681576442,0.000199757888485739,0.000972438657078855,-0.00115291717720982
4eQ90eLY,-0.000379448542486248,-0.000165249717470706,-0.000301192762268439,0.0016522477242709,-0.00179963359396114
4o5jwMj8,-0.00113313154771587,-0.00031849241700359,-0.000732788096881396,-0.00154147530498509,0.00184099398349104
4vPgpl2c,-0.00098247456912274,-0.000655659269617389,-0.000664844316163152,-0.00107159570603372,-0.000271355942838902
51r9aA0d,-0.000900128516167231,-0.000211381380839917,-0.00114371514035894,-0.00160320278173514,-0.000187018220126336
58SmeRoP,-0.000815423894957339,0.000873900623879441,-0.00261015005315778,0.000279006552200242,-0.000635152164292991
5HJp1AXn,-0.000679637495444748,-0.000420495854307817,-0.00157345185689457,0.00166049202520246,5.07565490706969e-05
5MBZW7fx,5.7214762311147e-05,-0.000683769194316003,0.00435239219559852,-0.000494993545626976,-0.00164389596764434
5Nq3gHaP,0.000568376828941825,0.00278592806933185,0.00125083456693409,0.00200700691527342,-0.00196055248980882
5RmwFFK3,0.00179766825410121,0.00122189028252772,0.00105203176419821,0.000871014680421593,-0.0028884867329279
5Tu5Jbov,-0.00104790502754559,-0.000812040318931713,-0.000806687070407853,-0.00109869354479317,-0.000492972768125492
5YEolkev,-0.000958622220878399,-0.00067412803236269,-0.000764689772334776,-0.00124268009413471,-0.00129299093665108
5a8sf6QV,-0.00046694799137402,-0.000816250273683996,0.000752597789534571,-0.000643184604160972,-0.00159658704791649
5eSvmqYm,-0.00103106339681961,-0.000609909867861215,7.69473599366457e-05,-0.00135867443297437,-0.00147487399634391
5hkN8fiv,-0.000994874836655236,-0.000741581093415269,-0.00276595849471414,0.00305531447221153,-0.00050012930383427
5oK8Gti5,-0.00111109578574905,-0.000245089754935728,-0.00123985628005481,-0.00147481929542141,0.00274119751566516
5paniGaU,-0.0013425393913451,-0.000224815433548001,-0.00190849190952639,-0.00204525010166354,0.00576407327174786
5vsr7ZUP,0.00184588871635756,-0.000668424582153589,0.00406800865714613,-0.000658039989999031,-0.00109393714208676
60B4xMWI,-0.00078163777297898,0.000732651771614066,0.00337982649263355,-0.00170965197516997,0.00145866434116456
64jOUtKy,0.00210903228116737,0.00399405664499914,0.000349847049184449,0.00460606545157545,-0.00260933839445838
6AJo4xNG,-0.000997814548375384,0.000940858440844671,-0.000419164512026648,-0.000479199129956604,0.000600490480130818
6CAvhEte,-0.00106576824632926,-0.000431462981863948,-0.00142909013804579,-0.00119014754628734,0.000558874179484853
6CuGYjT5,0.00697349122910781,3.88196762402704e-05,0.00575737138835454,0.00247187228142052,-0.00212688366275395
6DGH8ujZ,-0.00127178565151129,-0.000850258857045949,-0.00326591486337927,0.000143442300010681,-0.000781811226482117
6PzsGdVm,-0.000968800073105808,-0.00044932459878764,-0.00229609622128799,0.000937940799033241,0.000104855196136397
6UcSJMbq,-0.00013874114308034,0.0017428600065036,0.00216664825568258,-0.00167241624738301,0.000592434659098343
6WJbkH8U,0.00341585358691758,-2.03359344266746e-05,0.00611294198643266,-0.000593097551896687,-0.000522628036857832
6eUWsVzw,0.00179437436709336,0.00033004166914602,0.00439028095854967,-0.000292857193070027,-0.00207321188182655
6gNyO7Do,-0.000185214637471703,-0.000237894333112997,0.000555986906148649,0.000666857130695263,-0.00153363617566518
6jT0AyHe,-0.00048025819618991,0.00204652579324235,0.000166786400223774,0.000938730159259427,-0.00220627359966415
6nBgCvWu,-0.000960940773136988,-0.000603964000542739,-0.000392015814975164,-0.0013429793040715,0.00271350084397573
6ro5mqg6,-0.00108309241606808,0.000376984099445089,-0.000820538511607605,-0.00148357287396689,0.0027583535516254
6sGqObX4,-0.00107040533846012,-0.000766259315516982,-0.001628780443677,-0.00132271469552598,-0.000902241988111423
6uEGy0n4,0.0077625464944856,0.000942842583679513,0.00685555091854673,-0.000933328156512249,-0.00139324777842176
7BZ4LxP8,-0.000176187731799502,-0.000811859082147855,0.000378342655123077,-0.000190238984216583,-0.000967666395383619
7CmigXKi,-0.000889682398858839,-0.000612994171513659,-0.00165723667746538,-0.000794719795332786,0.000398020083965666
7Ga0LpfR,0.00341410363488447,0.00473015773903489,-0.000134873077762675,0.00630998000386244,-0.00293899287044863
7PQsFvsG,-0.000970762642493481,-0.000536769996030165,-0.00302212179150573,0.00420123450985314,-0.000648082057214984
7aF7nnwn,-0.00118751071142118,-0.000650754504071637,-0.000283785629569135,-0.0019155455410178,0.00265141131536326
7asGzfX9,-0.000653857568845602,-0.000123406899921734,-0.000307003928776055,-0.000670599671317274,-0.000495940445610874
7cg7C92o,-0.000264958615387685,0.00293474973234449,-1.92199876952323e-05,0.00251562324767772,-0.000675569598314413
7eOxTpsB,-0.00120829235649154,-0.000356559203459153,0.00020599951816289,-0.00175750758799631,0.00420120202816624
7ey0v7ma,-0.000947738318417773,-0.000996414909600165,-0.00241656793209126,0.00206339593586855,-0.00310151734089412
7gocyrYl,-0.000769139943563683,-0.000411330211453364,-0.00137297848898369,0.00244609485688243,0.000261209939489817
7gqR3GoA,-0.00105270629270404,-0.000563176067017969,-0.000440265870291934,-0.00140073705857636,0.000630165940588021
7og7aUXB,-0.000716051666512882,0.000954035218608534,6.70079228704621e-05,0.000317905925291269,-0.000281090671449572
7onRfa8F,-0.000983191986623259,0.000507114490815887,0.000793529804823667,-0.00120882226757723,0.00399555177567034
7umkNuxM,-0.000667906455526981,-0.000557140797763057,-0.00103797353706542,0.000883970511749026,-0.00115042825983828
7vPr9ExD,-0.000414476899953562,0.000230513585506732,-0.000120103095944839,-0.000371892026258284,-0.00151819198185401
7zNjpCzu,-0.000872151730275008,-0.000584854547141035,-0.000318226285749017,-0.000887816156683254,-0.00101906073374253
7ztsQNj3,-0.0010068181222607,-0.000148339746352177,-0.000525911229119574,-0.000958841267662586,-0.00057727807242023
86gppwMI,-0.00110537488881259,0.000478987011190457,-0.00143222455555502,-0.00134673027865727,0.0040895698453883
88thAGdL,-0.00101561045323691,-0.000284868809996857,-0.000217799134220557,-0.00116542807529977,-0.00121394992600905
8GhU8STP,0.00304366913832261,0.00179316159894877,0.00481141045342342,0.000429263450060829,-0.00286775086620409
8NlzDcWe,-0.00113885081397259,-0.00080041220541404,-0.000915433719644264,-0.00165073107042775,0.000209644355285211
8QAejdLW,-0.000592151797146763,-0.000696109110383077,-0.000464239472102661,-0.000417143652211369,-0.00148848500244612
8RDeFxWM,-0.00125950239800334,-0.000494988615783195,-0.00164098106253462,-0.00162028569187523,0.00421382483024652
8UXP2NBS,-0.000870985483300722,0.000756427611888654,4.72898140853318e-05,-0.00106696206946942,0.000494703550308122
8ZoV3KGT,-0.000200940285743175,0.000139132152438652,0.00287543349740031,-0.00141987662628137,-0.000808177427939154
8ajs2uG8,-0.000891213277503985,-0.000585816400082431,-0.00253293830733166,-0.000831060338025614,-0.00167792096827209
8bXnz62p,-0.000400951301934262,0.00200676317809944,0.000661563204764276,0.000957080241984807,0.000297195109062302
8nO1O1LG,0.00514477020389812,0.00261935895015962,0.00617500447700305,0.00616692865605831,-0.00285978834825897
8xE1p8g8,-0.000992229123180016,-0.000376348388760387,-0.00107655613228092,-0.00114144132133249,0.000701386305257935
8yMDVMRM,-0.00107328642424731,-0.000762526033456187,-0.00310492526696265,-0.00148649879549956,-0.00113223358521055
98R5VaPi,0.00129359632584179,0.00151863007657938,0.00568828742735613,-0.0014402061702013,0.00251226096792798
9DcTz2Ua,0.00987078168159019,0.000269240258212091,0.00704640379524039,0.00406477644689925,-0.0026201432287042
9G7nfUrK,-0.000762934531351876,0.00109495881340459,0.000376511861037514,-0.00136293984267071,0.002062485159175
9O6GZ1HT,0.000210479922788985,0.000432935525258739,0.00366741455060879,-0.00129386417665455,-0.00239375815712868
9S7fCoAM,-0.000571796000539451,-0.000405813267459416,0.000686990869195444,-4.0915883371585e-05,0.00123844823991028
9iQwmFJR,-0.000603223409610732,-0.000481551218419981,-0.000733384724442803,-0.00093439479143611,-0.000446069539403435
A3Mt6SAQ,0.00283646435647731,0.00159585302251653,0.00681493403611975,-0.00160078294904046,0.00183196317866381
AJIsQIcV,-0.000915945539514921,-0.000745659265169985,-0.000806207755690554,-0.000953806320398674,0.000553473022158487
AMHKXMh8,0.00599302296809931,0.00187971251800988,0.00658708403389683,-0.000434776224273856,-0.00243853538773116
ASwA2J4E,-0.0011960892073669,-0.000236726271693734,4.90754909103751e-05,-0.00148587671289978,0.00448041484873787
AaFvEoHq,-0.00091376443964275,-1.52708786492692e-05,0.00156658074223356,-0.00169967357110982,0.00217512434853929
AiIPD6hX,-0.000669033827067842,-0.000271072735619047,-0.000934728434934856,0.0021056390662068,-0.0012529373723293
AsIURvJS,-0.000993987949494208,9.63890880014788e-05,-0.0018558178320381,0.00503590600222944,-0.00239287819765216
AsvgbJ0C,-0.00089557174906498,0.000109318825026696,-0.00242482560371703,0.00297513517385188,0.000671570132554867
AxEhbkCM,-0.00106149725344078,-0.000868187473382324,-0.00203402652776845,-0.00162381497377836,-0.000731224721434924
B7VPkIpx,-0.000651682204603242,0.000879906224904794,0.00230550673271036,-0.000933488786620081,-0.00020736227204112
BBwHqHiH,-0.000224029152021018,-0.000682139106083807,0.00115736355901923,-0.000878591780433135,-0.00129432517188918
BMyps8hr,-0.000800378943618014,-0.000565594200462298,-0.00100632434615163,-0.000177013844928911,-0.00110204517669334
BUHS4dQw,0.000941740495732131,0.00201109406060783,-0.000513742754928891,0.0108400258799529,-0.00219657103352025
BZB3EYWQ,-0.00120918451476684,-0.000150896553616465,-0.000277671185032058,-0.00114746309862245,0.00407352461520911
C5UPCZcL,0.00959176090596982,-0.000126093694917176,0.00564018046873444,0.00273728237660741,-0.00241525017042868
C5gIfQbJ,-0.00102280099029825,0.000423895176410074,-0.00341808260166624,0.00428035439066051,-0.00263241941622554
CDRuu4Pn,-0.00123332290796474,-0.000536673156985372,-0.00190471797206979,-0.00169731115523469,0.00363848797828259
CQhTYkqE,0.00229091725986069,0.00166504195110397,0.00282385537945343,0.000238495728670187,-0.00197409501809669
CSEobMXv,-0.00107440712244869,-0.000950442491238332,-0.00306525023470896,0.00340440532615576,-0.00194285156729574
CYMQE4x0,5.62327755562752e-05,0.000863045279470875,0.00507863485414154,-0.000650508121896437,0.00144232541202806
ChQdtl4J,-0.00100799850527068,-0.000182045377835791,-0.000470751914676572,-0.00135148699153798,-0.00085937572606682
ChnD1nrN,-0.00106790240043214,-0.000718127459350745,-0.000979799045245822,-0.00169854828007026,-0.000274465778760806
CvtbbIcq,0.00168975083493846,-0.000257329255074661,0.00574607833900885,0.000762366901492351,-0.00143152884636561
Cxk06b77,-0.000593355371555999,0.00182087648147861,0.00274688469328815,9.87739489563585e-05,-0.000599947697623982
D3QD3ZEJ,-0.000785682361907502,-0.000442500530805033,-0.00168554290449905,0.000818839135416019,0.00165787850693471
D8J5C6lA,0.00227409459557871,0.00339876754104263,0.003706785439632,0.000337063344284185,-0.00191356158840005
DCeQwYfT,-0.000483188800585153,-0.000217701641746579,-0.000233937219489944,0.000301509794910622,-0.000288935971148206
DDEftkx3,-0.0013191078663617,-9.85224385550182e-05,-0.00173288310224533,-0.00205801327513868,0.00574800985951255
DEwCfeDW,-0.000668762983018954,0.0011658062392629,-0.000324631157973697,-0.000172487957854272,0.000374398631029271
DMkIV4oL,-0.00126904370911888,-0.000512437066741539,-0.0018096310639205,-0.00178971918890085,0.0031956650524847
DnzGfbxS,-0.000202511154956523,0.000466237899508612,0.000189927283404674,0.000876618787612415,-0.002444560586478
DoZxo6f6,-0.000945708415132477,0.000451991057934239,-4.69049960528889e-05,-0.00160465769621409,0.00113809255541372
DvhBPGIk,-0.000966032426470341,-0.000505728133563968,-0.0012546715801591,-0.000779247711431221,-0.000701270598458028
Dx7GoUcT,-0.000937451475831981,-0.00059107243679218,3.83772506155757e-05,-0.00135717631405473,0.00266038946303965
E5hIjohO,0.00120826633370008,-0.000479050596434516,0.00230471457040592,0.00323297657864595,-0.00224129038120146
E6x4XGHt,-0.000984428008365306,-0.000371326024681707,-0.00168310078467528,-0.00134918265603507,0.00203926620735224
EDEpAzh1,-0.00132693853537708,-0.000853509391262315,-0.00125106862129115,-0.00144409764631344,0.000587792949939012
ETGudkQt,-0.000950555694576984,0.000904334626078697,0.000146806968735705,-0.00154801128596138,0.00122737464185353
EUleKrLJ,0.00562016815871294,0.00125808885969132,0.0068774520488132,0.00377909144184381,-0.00164096150036439
Ehw2Jz6s,-0.000718523203368542,0.000537390834247616,-0.000537798775220424,-0.000507816510886253,-0.000132122103867482
EjqzC4zH,-0.000590908747168421,-5.5625414888197e-05,0.00245316273124104,-0.00125676456851059,0.00022672679856632
EkMZO3Qj,-0.00107358029381719,0.00114761446325766,0.00033307645639647,-0.0015121242549932,0.00170058255492279
EnoNXWvU,0.000272626216368337,0.00155703972188202,0.0030452770324527,-0.0016287113741769,-0.000615020543908856
Epv8ANwr,-0.000781485930027433,8.65418462258537e-05,-0.00136701391845458,0.00130964970209578,0.000287405213776202
Etro9j0B,0.00019203648450161,0.0048071905981245,0.00193671586142176,0.000656333792123441,-0.00203920849023536
F3MIZj76,-0.00101095759887917,-0.000501072548948231,-0.00212955740890592,-0.000765484346034735,-0.000168042765063034
FB8tU00K,-0.00106892634585935,-0.000443715053086444,-0.00215750652455804,0.00178249777862759,0.000325198187557253
FLhxBGMK,0.000531213461677356,-0.000334753884881273,0.00353040307441041,0.00260158915814935,-0.00149909675659868
FRreR8ka,-0.00108125753073392,-0.00030736565814087,-0.000228135131471187,-0.00147915481802738,0.000185771369343709
FXne4oAV,0.00106758223395327,0.00315211577811507,0.00375229309638492,-0.000232448081995458,-0.00152844753587188
FaW764jk,-0.000585450751999651,0.00249601744844048,0.00152193277952566,-0.000183994652099147,9.58503990963582e-05
FeAbMXly,-0.00128044245104976,-0.000448737014721922,-0.0019115948219939,-0.00175369227747667,0.00384250681747572
FeudaFXn,0.00692236765170875,-9.70035892294982e-05,0.00583974714335699,-0.000979946567749161,-0.00142310918344228
FldUmFeM,0.00283682271751694,0.000307966090198187,0.00433246907454242,-0.00134729061797224,-0.000365529011291028
Fnv5tfAm,-0.00109623662229149,-0.000425146929598589,-0.000873893986583918,-0.000847259460368771,-0.000256590462209684
FvrAd3Or,-0.00057817207629759,8.0485793248772e-05,0.000769290480092309,-0.00162054341367771,0.000520093428209389
G48zHffi,0.000522194459820383,0.000717560602701489,0.00275449453347651,-0.00142722489458532,0.000827889027661357
G76zCv5N,-0.0011072466688081,-0.0004824215590783,-0.000748857754162791,-0.00165314495905284,0.000885595787881287
G7JGUdNf,-0.000340269466517929,-0.000545700478002042,0.00269825720542275,-0.000583992476408055,-0.00182717758996384
GCo6MONx,0.0045136572098429,0.000412737319847841,0.00564742917213968,0.00291444127903444,-0.00262754404045533
GE0vbpVQ,-0.00045049447801957,-0.000523824149639676,0.000637886141167246,-0.00141977207188516,0.00102321667763817
GN0DfOqt,-0.000830074744113186,0.00063201968349496,0.000419827444687719,-0.00139901391208935,0.00132673419471014
GNsTAb1v,-0.00087382600346433,0.000490902262849587,-0.00159623595746264,-5.84721217467881e-05,-0.00133094201466888
GPwmO21z,-0.000693485083234241,-0.000409419369154514,-0.001340518338444,0.000181253215425492,-0.000555209469398846
GQYpfLoh,0.00142418159679002,0.00204896106443014,-0.000236046048678227,0.00161698364357192,-0.00277101364557373
GR9knT8n,-0.00105859055480972,-0.000306575732974127,-0.0029760502030559,0.00403997361722819,0.000353383949410218
GXtFFbZy,-0.00067694146697376,0.000602940713743844,-0.00200607675036477,-0.000509804731859033,0.00108112614647246
GYvzvvFD,-0.00113981002731399,-0.000252826758201767,-0.00198683147169951,-0.000876080915825355,0.000611517933320501
GemPjTJ9,-0.00102944737728537,-0.000340177477958714,-0.00224385543997682,0.000392158589549686,-0.000397292190695138
GkLYRm1K,0.00754818410631972,0.000995359562721751,0.00692203819002888,-0.00138602772008644,-0.00176716560778025
GmlqP8eI,-0.00125549600434569,-0.000731460461086166,-0.00324462364188678,-0.0011659345256484,-0.000825814331498372
GqkIrOvf,-0.000660316607825397,-0.000504947977340467,-0.00210530705852828,0.00177882115499586,-0.00123096758478484
H0fsegPi,-0.00105478577307974,-0.000276835368066005,0.000327985104408407,-0.00149948835025925,0.000621206442504704
H4dHpJjU,0.00572517550576859,0.0013825045480978,0.00688032075190731,0.00395324062322062,-0.00252876617038604
H5QwJCuU,0.0039832266479928,0.00587684906882909,0.00685508047668732,0.00127747621385585,-0.00190976038893605
H5uwmSZ0,-0.00112073535603224,-8.48970527909559e-05,-0.00014407949805229,-0.00173112553946947,0.00294272948417914
H8MtbVoL,-0.00086944733175723,-0.000553442002300025,-0.000543217487755678,-0.00135547170265873,-0.00128162032502134
H9JrUYnp,-0.00084082196600826,-0.000230359668739821,-2.16058731396535e-06,-0.00121357695591791,0.000173001641975602
HHYmmHVk,-0.00128387930229189,-0.000457249397972569,-0.000832156380754944,-0.00198621606809506,0.00420305796167713
HJ5U4uqL,-0.000892238016270041,-0.000622721378079473,-0.00289985810286958,-0.000948278032660739,-0.000319327480287736
HNQxYc4w,-0.00105862383951538,-0.00039340798569008,-0.000787856701623952,-0.00151003470091874,0.000517103174083475
HQYhKHZ8,-0.00106330670018081,-0.000508745146816386,-0.00229525155832799,-0.00111170195099757,-0.00116780247039006
HSCMx0MC,-0.0013111122646391,-0.000424181191151263,-0.00146977354575369,-0.00158032850954871,0.00414297232464535
HXYuE0fx,0.00775298756169347,9.58003428883703e-05,0.00708444176059203,0.00228521748734305,-0.00236559785057035
HdKcxEWr,-0.000150489712226234,0.00271534496378247,0.00171299105190261,0.00141956131132407,-0.000700841019336419
HecW1iCC,-0.000808454762531936,-0.000250448356531248,-0.00143321543030723,-0.000989095035392159,2.229603143004e-06
HpbKB8rv,-0.000883533942043395,-0.000558034035259624,-0.00352104208362831,0.00556416581817304,-0.00276304432904922
HrkoYjCg,-0.000487875869023611,0.00269919521401177,-0.000717539214722581,0.00292818300920001,-0.00134026655201935
I5P2uquT,-0.000393676379849356,0.000185058578221179,-0.00059850386351287,-0.000635688982584903,-0.00112463930806503
I94qkDM7,-0.000958831600093009,-0.00059066983310067,-0.00127487108769322,-0.00127410131273065,0.00235055520337752
I9sQbtt8,-0.000628128901133611,-0.00064003774600817,-0.00230073474416689,0.00697695749415729,-0.00250511852625086
IFxgw6ZX,-0.000796610278238429,-0.000558699794343398,-0.000215441346782607,-0.000595881756415891,-0.00109079429395461
IPPPSyoU,-0.00121488727479301,-0.000722911450215509,-0.00257944660873774,-0.000256604220996663,-0.00115358581445422
IQOYQubU,0.00510712893347879,-0.000129165267153715,0.00638863541294336,0.00110400395315652,-0.00243358682787044
IYNE2SxU,-0.000959885481918748,-0.000797981552669524,0.000172569013430148,-0.00137974837059165,-0.00110104087644465
IZRFk9kN,-0.000568469575137164,0.000359109845707445,0.00119787371090802,-0.0011757111242282,0.000313255240177014
Iaq3v0t3,0.00348210027485269,0.00144664984970424,0.00677134129666196,-0.00122451215909558,0.000642176120639609
IbVwu1t6,-0.00116344971222493,-0.000852013154066402,-0.00284208021645729,-0.000376542638355758,-0.000961684771524069
IcHKTLyo,-0.000521412879889526,-0.000131309868599377,-0.000321941359739931,0.000245086407834427,-0.00133892165046043
IpW80wVB,-0.00110743003167696,-0.000590213903684913,-0.00194494950213201,-0.000867270050927143,0.000278076665974686
Itb0PYUV,0.00607941986368057,0.00144567167508099,0.00662805761654786,0.00499893175129163,-0.00307301506613552
J8fpSwS0,-0.00117610927035747,-0.000121542036411552,0.000863016315121701,-0.00175725777452291,0.00268012312704786
JE1SlbD0,0.0019362177602618,0.00436241727105479,0.0016790032518087,0.00565427616926221,-0.00299856861166663
JEB4McNb,0.00298591539461708,0.000456689162063182,0.00585868513500213,-0.000750235584410999,-0.00166905063890264
JEE4QVeQ,-0.000538216092133283,-0.000535367888060269,0.00114367881900968,-0.000930366759550731,-0.0016169938212714
JJSEU2VQ,-0.00126814877663133,-9.28612220057603e-06,-0.000864997510155419,-0.00157392985882203,0.00450706723607514
JSsVriP2,6.76901518907533e-05,-0.000693636237863637,0.00159810559094485,-0.00131718901409558,-0.000615905418471024
JUvQNiOK,-0.000151006937215524,0.000712823981353975,0.00213115450322529,-0.00104972246092902,0.00113905366969231
JZbrRtm2,0.000438114714975142,0.000961546653853521,0.00289942748044219,-0.00162820754235466,-0.000656031697745785
JcE9G92B,-0.000329637946499286,-5.89476645358182e-05,-0.000339589989457886,0.00234684895815837,-0.00202284639506761
JnNYpXHr,0.00170050472794544,0.00604958557533468,0.000708602933971864,0.00524871567687054,-0.00289213569696264
JzpbnOtz,-0.000959024337941077,-0.000328606925786107,-0.000156334262353479,-0.00146130838332524,0.00234290337661828
JzzUhPQp,0.00721037173768515,0.00151014942157403,0.00707796644831679,-0.00114399882048089,-0.00181159889646042
K05R8dQK,-0.000849798516143461,-0.000186294179941645,-0.00122309135595981,0.00170059486130646,-0.000650481638536495
K17pG2mG,-0.000966140152530437,-0.000524113927419277,0.00201524824042556,-0.00160949797501671,0.00245224725680908
K8BellUe,0.000780246581275442,-0.000268575600594306,-0.000522584692934806,0.00045027094609542,-0.00188193611158982
KJ2eH6rr,-0.00044684312167072,0.00368841445701838,-1.80211059906272e-05,-0.000712405337268647,-0.00287928903519085
KJEJ6Glk,0.00168660515521255,0.00185406191546796,0.00150571706823097,0.00440605219600596,-0.00302416770958971
KSbO0oXS,0.00276052635277605,0.00717155151867498,0.00058534609243138,0.00506639525341703,-0.00243758704887368
KXtvmd01,-0.00120122737434383,-0.000117172266766143,-0.000786932872469943,-0.00165693561840812,0.0019893334944468
KYiJqBuJ,0.000539733562938599,-0.000312509884895089,0.0038034946191636,-0.000928958386843255,-0.00127812262064374
KmbAyTcE,-0.000612438788037573,0.000628566818708146,-3.84009430303687e-05,-0.00077441601524745,3.09927035078122e-05
KnNyl3rV,-0.000681606097020938,-0.000162320240297204,0.00278539684913905,-0.00124605495768627,0.00269293563736351
Kp2DG8TZ,-0.000744202812021084,-0.000103243175275641,0.00139169117020798,-0.00166101991675453,0.0014645162898378
KqQtKWs5,-0.00104541730708657,-0.000181003930833324,-0.000290045739503727,-0.00139050439194073,0.000754727760689137
Ku27g63R,0.00586974300794616,0.00386792355199641,0.00812879633482407,0.00168027603545209,-0.00176691831968621
L2aTVqDq,-0.0011189728061941,-0.000631819614139043,-0.00241918021354459,0.00197221131890356,-0.000703778409682615
L5jvq6G4,-0.0011201730725669,-0.000429252181633337,-0.000581652267986758,-0.00166437727828929,0.00208427071530835
L91hYVQl,-0.000897228197871742,-0.000419710292134738,-0.00160443959233737,-0.00177791401264303,-0.000135335171802835
LINAMlbA,-0.00102556659152431,-0.000227910327162132,-0.00139498823614286,2.41339803198781e-05,0.00237612255260809
LJoUNXSx,-0.0011283816769745,-0.000807499699713521,-0.00361805701698551,0.000763550597491935,-0.00103184898051921
LLtSiyWD,-0.00122852534658411,-0.000821170415946163,-0.00181019191158215,-0.00159405589577029,0.0006622913250736
LQJtV8kn,-0.000638406484752177,-0.000677606424149389,0.00133113380124278,-0.000984223785074497,-0.00233026873673795
LW9uddw7,-0.00077066917486114,-0.000889791248522057,-0.00247921397383508,0.00430181513005978,-0.00316919332274113
LZ6sdBTR,0.00308160857848257,0.00181728980126752,0.00487873584646723,0.00121278996968002,-0.00308253041857409
La2Vhnne,0.00053369664805165,0.000498711344060252,0.00179192215801132,0.00298068312981061,-0.00105487524493499
LaUWSq9B,-0.0007086792817953,0.00157507070442259,0.000449097602380441,0.00244346219926446,-0.00191322586006752
Lk4SfkPQ,-0.000664517161871387,-0.000646662733094638,-0.00196846409300934,0.000379369196424804,-0.0025143196247422
LllC836d,-0.000956947860619386,-0.000463834416569091,-0.0024169856793457,0.000947156342901292,0.00146736804218618
LuGiGeWN,-0.00114682179189659,-0.000517929802083758,-0.000635555286281751,-0.00116179153421823,0.00302020880118894
LzcyHcWa,-0.00126895332155347,0.000267582609438625,-0.000972987900905981,-0.00169537990944076,0.00523837771239793
M7veP0H4,-0.000979532033652879,0.000115575824099021,0.000472064043959502,-0.00116038930553363,0.00165668892969462
MB8aaJUc,-0.00098309306977558,-0.000393618602225422,-0.00300179255031984,0.00121501458270959,0.000439829923926174
MDpe2zuy,-0.000974058851633753,-0.000577054352729391,-0.000962429233415485,-0.0011894143057244,-0.000758006746566665
MEzdmEIU,-0.00115582812596866,-0.000320530622572245,-0.000539071987646321,-0.00133138916720306,0.00118223901018582
MVnhtivm,-0.000996013440209305,-0.000804820363520071,-0.0020317816322482,-0.000757577535261986,-0.000398661768206484
MYU7WDis,-0.000560846240462638,0.000229684399397335,0.00320280307341849,-0.00151948941109533,0.000784990755355741
MZFqh6yw,0.00347807650497537,0.00039365298447028,0.00548613968716886,-0.000735436823535628,0.000297373503728871
Mdgy4SsO,0.00228478664137287,0.00216623268817097,-0.000332736426382768,0.00469000307311457,-0.0027772964477671
Mj8awnzy,-0.000946847417449934,-0.000237153213572882,0.000267143283195926,-0.00161941660730815,0.00346258553110914
MpFPbUJy,0.0062653038633972,0.00257307645432046,0.00689735304341223,0.00452852754246957,-0.00168153250714896
Mqk7MFBM,-0.00104900266965738,0.00132021620736916,0.00140321472664547,-0.00156671039811148,0.000749405879845711
Mqs2t1Eo,-0.00101165465168766,-0.000204416941664928,-0.00129076050019295,-0.000634603675237799,-3.63074846652461e-06
Mv3jFVxp,-0.000921483441081805,-0.000210272456475048,-0.000761310872562383,-0.000832199978210915,0.0016950428998522
MxODTXvA,8.30646857355302e-06,-0.000265643136714317,0.00349734974988692,0.00259059675705821,-0.00176125877346878
N46PbpPM,-0.00125280521603719,-0.000425319653444547,0.000845996671674847,-0.00198216841345608,0.00603321125367527
N5S5F9Gk,-0.00109362130663428,-0.000499192036840076,-0.00228570634541885,-0.000948408723333106,0.00346847044207832
NLDg5fqw,0.00151954514474641,-0.000342582942842012,0.000429422565744949,0.000957059145090933,0.00227086577704371
NOho2ZiM,0.00750263194971054,0.00126568837973259,0.00577976693399059,0.00332842082537692,-0.00276977892210506
NUuY7PFU,0.00532352190727659,0.00384478417137336,0.00590466729902269,0.00498395328404138,-0.00299464971194265
NV1e8AEO,-0.00116928462859893,0.000514107221857025,-7.48085783054558e-05,-0.00141909420067059,0.00447827393548201
NZLXROKC,0.000724405868067431,0.000427050918516255,0.00160608668496817,0.0016337798142107,-0.00163497604543287
NaJo7C6o,0.000981448038823835,0.000171176256311556,0.00404219386592767,0.00101853778774109,-0.000177155872902173
NgsyGkrO,0.000379249289423453,0.00120546675380236,0.00173338091314832,0.00241948124990431,-0.00240284260316279
NjOx4Zpo,-0.000802116826448205,-0.000673367048846723,-0.00281475605190674,0.00424844752095798,-0.00300380564389438
NmQoI7x0,0.00512365812708382,0.000266718445805087,0.00734288883831484,-0.000337422424582369,-0.00120005195728305
No4wkdLS,-0.00117599549266339,-0.0007231173185449,-0.00114612761879805,-0.00172220486971875,7.53280882726112e-05
NouMwhOf,-0.000676415074215879,0.000318420319495874,-0.000316735052327396,0.000402931733203853,-0.00138940219807348
O6YAWd8C,-0.000482211021795002,-0.000796066010659751,0.000676135426315282,-0.000974570151813977,-0.00136758520094583
OAXVphSh,0.00316611211285746,0.000445839111418903,0.00561454933465073,0.00165132408564988,-0.000499247181826714
OJBBhb6Q,-0.0012417600784203,-0.000541803215001311,-0.000591323547294638,-0.00174321176194305,0.00371621239231766
OSIQXImL,0.00221817506908236,-0.000139652474056818,0.00326842135715413,0.00113115771102237,-0.00230536390520228
OUUFc5Zz,-0.00118537653333142,-0.000174353991108249,-0.000699496473643522,-0.00154042625761329,0.00292993465059713
OVk1lquT,0.000729112118554242,0.00484537212911215,4.92592809411613e-05,0.0064233747130994,-0.00187676025337224
OXdRxjzz,-0.000980802541240235,-0.000729708622286282,-0.00257840028895114,0.000202056303453028,-0.00159929229014011
OXxW2ekf,-0.000855268224492858,0.000266359075831787,-0.000590392581107739,-0.00152917137751961,0.000299606595319947
OXz5OpqR,-0.000487833469694485,0.00221915493918518,0.0039783188913225,-0.000467131136185066,-0.000847038420263765
OcBFW1AX,-0.000798690177188322,-7.62561044274264e-05,-0.0015014885164093,-0.000624519718775491,0.00229023719900154
Of9V2rpt,-0.000479487891763758,-0.0001405992769448,0.000957026677298953,-0.000431273096915616,-0.000712896033688142
OfLxPhbG,-0.000202422040778231,0.000335140623239148,0.000123683854694044,-0.000366160186733032,0.000480061429169987
Ojx2vi48,-0.00112758637219055,-0.000644872880015598,-0.000720898210057724,-0.00168550754999694,0.000961026717422673
P3M32iuT,-0.00112487572963569,-0.000567401664725633,-0.00115921882121704,-0.00172196191133907,0.000545571162043543
P7olVzrO,-0.00110129656981124,-0.000557626877231547,-0.00135892206989355,-0.00090537207685387,0.00111232479569013
PAPHErnv,-0.00126165215206017,-0.000889485234178849,-0.00321327402695565,8.98026166058004e-05,-0.00109035156554309
PBjEtfXb,-0.00104473215539811,0.000162945844626662,-0.000539054261492133,-0.00144058038473078,0.00301548565566824
PZGpoBBj,0.0070812706424818,0.00132498529345454,0.00684877386629819,-0.00122813659474103,-0.00195452393420618
Pc2RrxXS,-0.000588935689128916,0.000117125763737413,-0.00190323370546101,-0.000462537036079084,-0.0011315276782499
PcHQ4FOu,-0.000941603873431764,-0.000125482394254074,-0.00140756723657361,-0.000954535253005586,-0.00034749483867848
PeNyTOVN,-0.000651132231840293,0.00104701843590446,-0.000651724569661889,-0.00101292507267699,0.00114182237805005
PhUPSU53,-0.000975185205050118,-0.000636782333317851,-0.00137160189874323,-0.000797404926013112,0.000138501861114678
PmUNeV2O,-0.00116365189692841,-0.000694390626209205,-0.00139947950521751,-0.00171436682505428,0.000342737515487253
PoDJ0uvK,0.0034672162962796,0.00480344407483901,0.00642644976028181,0.000685608552940234,-0.00171039659551711
PsUJdJdg,-0.000619376097085138,-0.00043178246274551,-0.000600534266946644,0.00238670872181193,-0.00134968941621156
Q3xLFx1f,-0.00102657754172486,-0.000586760785777921,-0.00256440453358445,-0.000236405071624798,9.96364420724478e-06
QBGxCvdM,-0.00054973288092169,-0.000837011747027615,0.000646826468878317,-0.000877209095925931,-0.00143263938669927
QCEPyu6L,-0.000986301782564581,-0.000739839208398094,-0.00213784674876537,0.00107167109543273,-0.000915967635359659
QEfwec4s,0.00831619158631548,0.00258039666116254,0.00675159343862681,0.00857237188084385,-0.00185453360046217
QZ87Nnr3,-0.00114605708991689,-0.000209194863021348,-0.000532065207919517,-0.00162792524506158,0.0014530332307713
QlyGN9jv,-0.00103818404796242,-7.80488807422285e-05,0.000325273818548441,-0.00139536988245747,0.0032450701611619
QqgWE1ny,-0.000897158917104723,-0.000367243295559504,-0.000435405739007294,-0.000604857056551449,-0.00133240794231396
QrjjBpZd,-0.000993391309600473,-0.000836014881625522,-0.00316834839799563,0.00436200353702742,-0.00209180970120481
QsaBiX7V,-0.000647824902479158,-4.48689672654773e-05,0.000452504239552624,-0.000748586195035731,-0.00167478774881613
QtBKJuZk,-0.00067772095117786,-0.000617805100654906,-0.000762845078409328,-0.00126578165827364,0.000118993204413339
QtPRO8OJ,-0.00120799748668773,-0.000747568970053717,-0.00125138944955337,-0.00149891908789676,0.00138617437147904
R8XcsFnp,-0.000415714992931511,0.00189692002858669,0.000506016653249928,-0.00103104076437451,0.00378042277460301
RROfRt9z,-0.000282222689713607,-0.000526964602796609,-0.000922158551280507,0.00283884854938234,-0.00239067268920298
RTcbiDGq,-0.00104972867866404,-0.000733385765064084,-0.00183276439314811,-0.0012441195702916,-0.000245494494059319
RVidM9g0,-0.000492104496881128,0.00128373551481641,0.00417119626538978,-0.00167904925147934,0.00264820968103154
RZnQSH19,-0.00127935923936561,0.000426945530086783,-0.0018360313779152,-0.0017824325598091,0.00412474643251982
Rc4UK7fT,-0.000996448557375345,-0.000279576152808074,-0.00102895456213324,-0.000649811211130423,0.00203903158561726
RcKBKh6B,-0.00104846728736617,0.000153134642287804,-0.000619228146977455,-0.0013839846049977,0.00305052156455968
ReM5kDa5,-0.000354999298527525,-0.000314908021539047,-0.000398344964367099,-2.93775418435379e-05,-0.0019569514930088
RfntsotG,-0.00126069973783365,-0.000144588868359502,-0.00147990013031655,-0.0018697058483049,0.00234094252844207
RiXMlzXD,-0.000822155742738144,-0.000882114078134031,-0.00137155725330437,-0.00150197549382665,-0.000535631855093304
Rik83O3m,-0.000966429077825268,0.000454922671940678,-0.00072867606131557,-0.00142242369647955,3.81697214291942e-05
S3PCzDzO,-0.000515401193668886,0.000395429735115267,0.00364702839887577,-0.0010003928325567,-0.000863636325937305
S77BviOJ,-0.000992997417980192,-0.000175424415653497,-0.0010206863542159,-0.000986142588623952,-0.000441248507975312
SDdvtktF,-0.00086037337816537,-0.000867894293595943,-0.00212493390913145,-0.000667736952238169,-0.00159901163274392
SHs1AyfM,-0.000707254602262306,-0.000139459455420059,-0.000642152634110296,-0.00121903971475936,0.00139015553838373
SO4zQy9k,-0.00122289004862877,-0.000200729944553324,-0.000995915990583598,-0.0016003979949147,0.00329834158921938
SOOBCoiG,-0.00104732555305724,0.00071834678488839,0.0001227016060011,-0.00170817918176001,0.0048296386014709
SXkkPB7A,-0.00104210270147153,1.33529950682695e-05,0.000542612488137578,-0.00149527151389248,0.00502677675927325
Sa93dGqq,-0.000888377353081462,5.96505797251304e-05,-0.0014592688036089,0.00113078173549465,0.00313739670857513
SonIG72a,-0.000999338501050183,0.000818229649332402,0.00049135375809817,-0.00126002012326215,0.00353590177526164
Suf6hIBc,-0.00122287280976274,-0.000223761315818016,-0.000292490031186252,-0.00159745770955352,0.00459844830144906
Sx2JeSRz,0.000178855322204561,-0.000181680546143325,0.00195222274016116,0.000503197273258749,-0.000863369575238344
T1Tlftr4,-0.000973116387761592,4.84486119323776e-05,0.00137397490678993,-0.00158156753330404,0.00276495028265782
T7ulR4ci,-0.00111673846037155,-0.000404322355917995,-0.000847327662736468,-0.00162112736185672,0.00262743336513719
TA1NB3Br,-0.00116677034251453,-7.16538177106649e-05,0.000232906176354937,-0.0014393800000511,0.00387589200119861
TFZUskaK,-0.000695011212974136,0.000206779737005111,-0.000614819296721055,-0.000720004623110204,-0.00265270828954829
TNL8HGWZ,-0.000596908237740917,-0.000531642849175195,-0.000496030702854912,-0.00100395133223897,-0.00147541863041481
TZ8z1GSF,-0.000950947984002495,-0.000820527018615463,-0.00154598328871798,-0.0012487367170812,-0.000839102487387114
TqhRvkJJ,0.00524328802803912,-3.20854425881124e-05,0.00650043183186505,-0.00102024573412383,6.55984106100075e-05
TtJCUiY4,-0.00112044966748707,0.00072515087958427,-0.000159240082299438,-0.00177687268444397,0.0037911367149397
TwDq0lua,0.00152064301618279,0.00142352302179661,0.00386405387758779,-0.000437970856107499,-0.001959344032389
Tzyf02sI,-0.000105042416024353,0.00128382658271884,0.00302141537117022,-0.00173928240154311,0.00425430747655827
U3yI6ZS5,0.00777041936444304,0.00151799615868581,0.00739064833351864,0.00653701732338043,-0.00198282843285774
UBLnXZAN,-0.000949456384374329,0.000178551699269382,-0.00368044257056222,0.00689693124069682,-0.00191040273132063
UBWDzleg,-0.000776591159316783,0.000163087306376833,-0.00203070194313232,0.0023949565597021,-0.00146692705885869
UBqkX6SY,0.00596274134738109,0.00162076884914624,0.00677623498340868,-0.000146789655976718,-0.00192908649766638
UCIAi1Aj,-0.000616884680358106,-0.000593272803189011,-0.0014059622833664,-0.000445749492935089,-0.00135208862178568
UPbXGvCS,-0.000641673568592173,-0.0007881770074639,0.00126520328463347,-0.00071621065561397,-0.00191690494282582
UeWm1l9F,-0.00109263075974467,8.29815597889107e-06,-0.00278405032099671,0.00410245704856824,0.000280281480284031
UhucscY7,-0.00127587957373448,-0.00096159418441317,-0.00250917255326866,-0.00138430640927959,0.000141218800995616
Uri1SvHV,-0.000800115279378639,-0.000876053502241984,0.000181671336616933,-0.000920546018916479,-0.00140741187548952
UzxipGJS,-0.00120822709113248,-0.000230716548576883,-0.00117494932704994,-0.00145454115044369,0.00167781213389824
V74zfaAQ,-0.000190418757945688,-0.00084007746503971,-0.000157570012393598,-0.000875095701819822,-0.00184319193424347
VBPxBLTh,0.00526596035508804,0.00153866096005858,0.00628583582047986,0.00262433666671177,-0.00280512116754053
VLG7CXYS,-0.000977762962476106,-0.000206428507163735,-0.000658006458278499,-0.000763111320105068,0.0029347479864079
VNk52SpF,-0.00098820249279795,-0.000714839001059075,-0.00273437516645602,0.0049858259757291,-0.00345388021479587
VOREKsok,-0.00132128738851111,-0.000104796950440445,-0.00205232370870281,-0.00198857107443114,0.00588679819188156
VRhTr5pX,-0.00112627735673015,-0.000266541450313619,-0.000434752168833163,-0.00179517374255704,0.000803156827657733
VTcG4Kcw,-0.000754493480322728,0.000143345302199448,0.00109132962606227,-0.00125785030460464,0.0025523085584326
VeKiWSbS,-0.00121875780925791,-0.000255447899968612,-0.000439798220152453,-0.00152154901379859,0.00339270036541751
VnU8nJHU,-0.00108361073364632,-0.000647679333185638,0.000249928822153566,-0.00144389053066505,-0.00133275081868313
VueNCxYv,-0.00084505096545233,-7.90629433104102e-05,-0.00115091877416031,-0.000817803373743589,0.00127648675510221
VxuQTRUl,-0.000961813678116482,-0.000870491527918808,0.000134833236121791,-0.00133452215769684,-0.001745140363171
W5lgaocA,0.00322641782125661,0.00190953650508637,0.00640870106154353,-0.0011013205089046,0.00109680424264595
W5mMq9Ef,-0.00101053086702827,-8.17705336717192e-05,-0.00170153240142249,0.000463130756905443,0.00180469244772312
WDhNqFpS,0.000462380823077967,-0.000846089873344705,-0.000420037132005625,0.00290976331462006,-0.00267878231495482
WE6n1kZi,-0.000964085368236678,-0.000769040440329832,-0.00301704301258406,0.00106927408278125,-0.000473309855413847
WFk6r3vA,-0.000985918483056869,-0.000518807712559557,-0.000334526923568616,-0.00143411437399157,0.000785453123882036
WFyIrsUR,-0.00139856690895666,0.000295995191674471,-0.00287552743484898,0.00314776318784149,-0.00305269357106086
WG6ZAsqR,-0.00131124111780304,-0.000259811096290736,-0.00144223974787387,-0.00183402349098862,0.00404087049915958
WMq3CZQk,-0.000856091163833529,-0.000808808532454619,-0.00290250755339173,0.00223470301187005,-0.00303582268620245
WRskmGjh,-0.00101701015172569,-0.000392303050526553,-0.000534675605585969,-0.00171860974003633,-0.000572303494091581
WXijSglj,-0.00100099523766154,-0.000829093925947897,-0.00272373148999772,-0.00113314651154462,-0.00145038937131823
Wc0stQgu,-0.000977220033134238,-0.000879609720621863,-0.00297237905911323,0.000464984510257284,-0.0013995763668041
WewoSCUB,-0.00113181181724774,-0.000777511334346571,-0.00104196888190973,-0.00168317206624744,0.00146396611840979
WuHuhHWJ,-0.00122152424704804,-0.00021673136127499,-0.000261731224598897,-0.00156408687534344,0.00358785146350237
Wv7EBtZb,0.00321318831366171,0.00343552925498962,0.00604813652440892,0.000222279782657282,-0.0023204385393629
WyPlxDn0,-0.00112880269103342,0.000312513092659185,-7.71097030479871e-05,-0.00159017393319839,0.0037067851315427
X3WqoSNN,0.00618291051456511,0.00100954792960677,0.00487648653397008,0.00241928132447472,-0.00330402111238179
XDhyP9KB,-0.00112149436634497,-0.000718374828433575,-0.000999097648249396,-0.000588605763237882,-0.00093080552493803
XQxhDRMG,-0.000946853158492285,0.000425086011018361,-0.00181907932572869,-0.000227443192685786,0.00279907971722781
XjLNAwxW,0.000384245908425595,-0.000915155047879099,-0.000674092015806616,-0.00100926546341309,-0.00249761255578332
XjfVQbXd,0.00198682899269041,0.00157848519304766,0.00542044662049051,-0.000442088205759037,-0.00210348561269061
Xovczbf6,-0.00132318988323784,-0.000343021921679821,-0.00203277333938318,-0.00204483909951206,0.00598952761001109
Y8H4onBf,-0.000969388323859617,-0.000210567960094748,0.000146482587040863,-0.000532334577698159,0.00128986056834239
Y8YgzSZ9,0.00895121989977137,0.00406095363436952,0.00452514280567225,0.00197729158004324,-0.000923883274173116
YC4PNV20,-0.000910706963490397,-0.000588173503172139,0.000517912635857206,-0.00126025528339182,0.00290520717853735
YDHSCRdd,0.00789119722369895,0.00306261901601403,0.00625812393749862,0.0079581595851452,-0.00194253063399738
YIJ87aME,-0.0002464552434419,0.000211813871148373,-0.000462798198801641,-0.000444803435970083,-0.000612928038418751
YKvT4dFv,-0.00116596305265766,-0.000526714133248323,-0.00229835370773945,-0.00104475972993722,0.0014151584857486
YNebALR2,-0.000921694609401738,-0.000295612247897395,-0.00186877315136057,-0.0010529534780649,0.00105861816476568
YNrnqFyb,-0.00050943851682517,0.000319672025436886,-5.00559036384593e-05,-0.000329489908273681,0.000512286844756889
YUZ4lR3m,-0.00104758452071655,8.1138587784762e-06,-0.00080050094588284,-0.00131457664950264,0.000928943983536806
YYLvjoVC,0.00053772367868561,0.000283086313978414,0.00182331822052635,-0.000252120957017069,-0.00176421508619077
Yb8OtMb2,0.000313532675481724,-9.47272676365555e-05,0.00240105279630029,0.000181068047374337,-0.00149232697367517
Ycg4lTYw,-0.00108677035826509,-0.000782041331424834,-0.00317977976584736,0.00214012187452927,-0.00259004876260408
Yfk6tekH,0.000240466906681035,0.000588643031839527,0.00229726736224526,-0.00148498823235823,-0.00173498051324002
YoSfgmR6,-0.000950968651118035,-0.000730296760557981,-0.000863077975571195,-0.00117799715792249,-0.000595113298632705
YpzFvexy,-0.000929125037933038,-0.000765742857555249,-0.00191211845513006,0.000392744766703035,-0.00135217535814618
Yxqppfa3,-0.00014073225578339,0.000229294216405097,-0.00119330344635226,0.00211341512134128,-0.00187426520743541
Z16jTUvP,-0.000916272456585528,7.7025114432834e-05,-0.00129545173732556,-0.000116302472879016,0.000217952046054144
Z2BdCCbJ,-0.00117332014754058,3.12008641878651e-05,-0.000219554217755929,-0.00125975798245295,0.0048353257612844
Z2JJMM6V,-0.000473374686654866,0.000461482453118517,-7.58275087829844e-05,2.66726168718307e-05,-0.0004232736900638
Z5jE1OB5,-0.00102669203024716,0.000488987274393418,-0.000374269658841857,-0.000885525929328816,0.00132126132918517
ZFsIqYxA,-0.000999967204410513,-0.000794596021148017,-0.000894347012769762,-0.000984037654796837,-0.000149785612546906
ZHDVsoRh,-0.000945481084141403,-0.000631508309384733,-0.00211026299082332,-0.000550990224642444,-0.00148841957018673
ZSmfu2Fc,-0.00111171949664588,0.000166638730213136,-0.001059649794976,-0.000168084973927302,0.000618521472662181
ZU8YXF3H,-0.00132331292408513,-0.000353206935091638,-0.00181049827614406,-0.00180050976143516,0.00461467166761233
ZXKaNy6Z,-0.000935987251396759,-0.000587584445178961,-0.00216893952739968,-0.000914282586485682,-0.000139953246217985
ZbYLo0zK,-0.000643603948579888,-0.000849729129576719,-0.000594768995578101,-0.00161955799196104,-0.000245221593182918
ZedN8Gcn,-7.22946711409003e-05,-0.000498906923742739,-0.00165135877039604,-0.000862945933769386,-0.00162006942042755
ZgD4Dau6,-0.000564959281382507,-2.13391569937564e-05,0.000429273544539963,-0.00149668001282251,-0.000851157175763823
Zgzf79LA,-0.00093808237773084,-0.00061522654416667,-0.00113679355252331,-0.00169398872627331,0.000229359572253158
ZjqzxDOF,0.000764097878238343,0.00150758358187163,0.00596659844276216,-0.00108830358138578,-0.00081613500422119
ZsZ5aDpq,3.49747633126556e-05,0.00273443904702931,0.000297390543566204,0.00436515034563335,-0.00263835026808358
ZtyqE7If,-0.000282339463996013,0.000742071199823433,-0.000502512556869888,0.000215582673650823,-0.00159673766154855
ZvUgz01f,-0.000941687690861685,-0.000454605445659771,0.000692472397482133,-0.00179473620478514,0.00228717459738762
ZwrhgdQV,0.00082642368428604,0.00167087782767912,0.00200286047971512,0.00360611450126627,-0.00133206805751831
a7bhJGBU,0.00617775576649409,-0.00040069085126501,0.0065390612907049,0.00446442114873022,-0.00227971701035752
aHpv6KzP,0.0096677336670121,0.00113564979790351,0.0069985464832659,0.00504866214129741,-0.00260092644714953
aINzEBVN,-0.000997786686884046,-0.000552878385049176,-0.00116615235424312,-0.00140138438127962,-0.000615392377575845
aP9EtTGF,0.00959735678125969,-0.000365197254331004,0.0070287634596195,-0.000138136205689789,-0.00201588655854882
aV6EhtSL,-0.00100006149659013,-0.000507061032501237,-2.92678658111106e-05,-0.00167062934214642,0.000216408785137748
aVZsXKoH,0.00718958440607739,-0.00019783352676497,0.00693168346317074,-0.00109756401841052,-0.0020421958585912
aYVnVJvc,0.000288458297885775,-0.000474146908804106,0.000230388189027664,0.00315565460470102,-0.00210992172197984
abCzN1zx,-0.0012660640902643,-0.000796022074135273,-0.00263941421241821,0.00153904153953873,-0.00152703262306021
ae7sMiB4,-0.000358397535120459,0.00109441569940981,0.00101081761741029,-0.000943891028502862,-0.000898912434078296
afsVuCGV,-0.000964827474706286,0.00147871620224185,-0.000844468417622661,0.0018864539866854,0.0004180282500579
aiwBQETI,-0.000513629949833904,-0.000469311861802205,0.000217502500848081,-0.000606302923177886,-0.00143756808138338
aiyli4EI,0.00362411370588667,0.00550637546585978,0.00449024873424313,0.001989845755797,-0.00191445666741256
apJ7NmzD,0.00561569757226588,0.00156739585587355,0.00680995898503039,0.000311352553054115,-0.00193966618841412
atVjNMtQ,-0.000831367568819549,0.00113156751372198,-0.00306726721328605,0.00606008207092775,-0.00305596505727294
b5GirVGV,-0.00128609709364223,-0.000473795976011292,-0.00145633913639032,-0.00178395489324731,0.00157157423144086
b9SpMjNB,-0.000675336113205967,0.00152898536824745,1.53348876373339e-05,-0.000812677205562472,0.0027780670509094
bAFs37yy,-0.00124689781621037,-0.000253187514908032,-0.000848440013582389,-0.00181709320665425,0.00353834823279041
bDia1hHV,-0.000720271098729133,-0.000426081904013251,-0.00134412159579859,0.0025116396624877,-0.00161230491544693
bFkv5Mtr,-0.000314721583312332,-8.81988763398949e-05,0.000759536320060957,0.00028494520660391,-0.000793867081836126
bHe2IXgA,-0.000870221418016228,-0.000233816453017059,-0.00345818488490265,0.00676892861892709,-0.00303236211072741
bWX3vUm5,-0.000538957040322351,-0.000478342348835485,-0.000229145996029364,-0.000321045452227509,-0.00207956363432976
bat8tcGs,-0.000738801374010863,-0.000237196601009001,-0.00217874001169631,0.00127989808530137,-0.0026738736758597
bfjej4wu,-0.000978670630770003,-0.000682801122763131,-0.00104472459900576,4.49392149203486e-05,-0.00146821889397383
bh04YDiP,-0.000871636787333543,-0.000490948975889127,-0.00163774413557766,-0.000202519542401552,1.44452829319422e-05
c110Fdc8,-0.00113990752252586,-0.000193763902196136,-0.000758013359436671,-0.00131531423640572,0.00174667888290269
c32GUzMa,-0.000946016176083575,-0.000195992251205593,-0.000832894300293367,-0.000677974097426681,0.00291284434740491
cT6uU0B0,-0.00114474449045468,0.000244027934350848,-0.00120852412047612,-0.0012873883994914,0.00471298297916183
cWXCiFwh,-0.00102894978974024,-0.000880305882493404,-0.00072939865809543,-0.00163532220940669,-0.000579371688111622
ceNvS3yd,-0.00108835442256917,-0.000172253873501909,-0.00252817912391181,-0.000373123444230382,0.00113008866470141
cmwdt4Av,0.00541401827677299,0.000609772509113822,0.00647999463880681,0.0013311995225113,-0.00223076981538766
cn4EHsup,-0.00113459265260064,-0.000413006237532574,-0.00216624882901223,0.000154578231445744,-0.000305024101370742
crVOGGTT,-0.000853823703913202,0.00157947893300357,0.000980810122996108,-0.00148439597711189,0.00316759372286453
csPEJ1E5,0.000729292443629424,-0.000501242708770735,0.000530762654448467,0.000639708286747992,-0.000603646471200967
d0UrRtMk,-0.00128582479516493,-0.000210224515960852,-0.00132054762900113,-0.00192821873786249,0.00433712177282616
d6LU4G4I,-0.000482604795873984,0.000368471528656227,-0.00057576366202013,0.000157859115944583,-0.000986141489832834
d74T1DVv,-0.000802599003296464,-0.000687820205178014,-0.00261296042871529,0.00585875717929196,-0.00242276633612738
dR6rM1tQ,0.000659398320302958,-0.000611833650200856,-0.000496390579280591,0.000836294769023904,-0.00196167424108373
dUNxOoqg,-0.00110639537873836,-0.000768532091383087,-0.00226491958283891,0.000394633276837629,-0.00110544579288034
dUnlyhj7,0.00148590559195068,0.000167141251819636,0.0047460452176484,-0.00164259296303704,-0.000605099242807985
dVDlnZQ6,-0.00102992922481218,-0.000483935999089048,-0.0030290384572978,0.00186897008469036,-0.00288047443414042
dVT26GDu,-0.000885855289093062,0.000642096136968092,0.000149205982480911,-0.00137798528040574,0.00229814138016425
de43ycXY,0.00135081975043322,0.00225787830074437,0.00269747707752728,-0.00160752131839285,-0.00109254104331642
dfIn7m9z,-0.00103459481491854,-0.000463201782759661,-0.00189150841712272,-0.000615310707708302,-0.00111465529284597
dhmb9ZY9,0.00838010048070138,-2.91629110869343e-05,0.00724279847750767,0.00588381337094958,-0.000614335737927734
dn8kCuyf,-0.000791348461703757,4.63331605230868e-05,-0.00129573573522515,-0.000872038225927293,-0.000132451595046909
dpcquvWW,-0.00113506635115338,-0.000238617540995363,-0.000688885863444391,-0.00159577992863085,0.000486265022356504
dqcbIMyr,-0.00113304959480094,-0.000599042625548122,-0.00174040827376813,-0.0011552195129709,0.00142625772925773
drWgsBf5,-0.000781162403484458,-0.00037306393474647,-0.00125120767319624,0.000631596498364565,-0.00193465875912195
dytx0HSe,-0.00134343889038938,-0.000270185749334243,-0.00204582111130421,-0.00183947743988999,0.0052276178358995
e4KkkIha,0.0070427547481942,0.000832415286849368,0.00719262399785058,-0.000668615161784585,-0.00219114382710409
e9YorH4m,0.00147186268325064,-0.000456815053612803,0.0035252252045515,-0.00103044168954342,0.00105170236209703
eB9gVQ0R,0.000619701603806197,0.0024659700690085,0.000675154177962568,-0.00112955771220822,0.00331381505579877
eMhLFqU6,-0.000861640544250755,-0.000515925190471264,-0.00151280564549117,-0.000534027093595469,0.00100109479104566
eMllg1qm,0.000957445304307552,0.00463302912845674,0.00438704537546192,0.000157519278070024,-0.00133132300017489
eNPunZ9i,-0.000851279664331717,0.0005399826009493,-0.00173026446206597,0.00195932451961855,0.000987643613355523
eS5BSM4J,-0.00129969095834465,-0.000435557287307165,-0.00213121933837198,-0.00174750183246159,0.00439007399901064
eVGMFoOI,0.000271541172093105,0.000219544355632461,0.00118501589141722,-0.00119692362543866,0.000912171212529508
eaIwb3rG,-0.00096936429989948,0.00126477427202464,0.000876904104194944,-0.00121286260119258,0.00504542685598348
eyzw8Vis,-0.00117029409001434,-0.00031614692510734,-0.000561389646568616,-0.00152597512956818,0.00514028264988363
f04Ke2bN,-0.00116790944488888,-0.000315339893352662,-0.00187759970732853,-0.000655728153536844,0.00201262784006049
f4GA0te1,-0.00109181002603916,-0.000254380495422049,-0.000174311530631024,-0.00151951689726739,0.00161637947838712
f7bd91h5,-0.0011098140074155,-0.000212525070647526,-0.00016438959225117,-0.00178169939948804,0.00383944303648855
fB7z9ndr,-0.000996068321835848,0.000362434036439661,0.00049395690868973,-0.00138816481287369,0.00455745342761921
fEe7AWFA,-0.000532779716203012,0.000601818447985681,-0.00110791703671743,0.00281039879472266,-0.00208467834111797
fJJIbgY9,0.00180266920857311,0.00314769493896897,0.00419124838754864,-0.00119413409032326,-0.00212057498980632
fQBURMvg,-0.00126310295432706,-0.000403723588308241,-0.000237382021986779,-0.00138822881876533,0.00435526869088576
fS0HpOub,-0.00119998871039345,-0.000219368162877809,-0.000606860682480505,-0.0017509877752693,0.00237612095120816
fTDXauuk,0.000412378092103577,0.000276344422780802,0.00242787979048387,-0.00115507634157817,-0.00208953364530582
favPNA2N,-0.000721029860420468,0.000126755094824618,-0.000474927959243666,0.000324185300755884,0.00272898597678012
g3Fv0U4k,-0.00113407403855308,-0.000903094153249761,-0.00306914719677793,0.00298615041598906,-0.00150073782554395
g5PKo2E2,0.00123723260602198,-0.000148462497167135,0.00402447700795377,-0.000240341717842622,-0.00122923931793323
gbjnD5fe,-0.00113247044688685,0.000132789841113649,-0.00104218876236801,-0.00165832461784918,0.00167729165152004
ge9zqXCv,-0.0013026823084961,0.00030896575769889,-0.0021908673250103,0.00419170841374875,-0.00253803171514616
geeqJpSE,-0.00125644046605899,-0.000316734412645961,-0.000373511729156939,-0.0018525057827822,0.00351913687487882
gqy1J2RS,0.00149467062189853,-0.000640776935252221,0.00307556269640847,-2.4202606764819e-05,-0.00206548505893957
grlUtS3H,-0.000467581530952741,1.8545527686071e-05,-0.00129611776766928,0.00211657019292915,6.55432584111376e-06
gx965KYj,-0.000626320191995339,-0.000392996800143104,-0.00118128544847445,0.000418460703076631,-0.00195639811452987
h3F08Vjm,-0.0010537168897917,-0.000432799415282707,0.000313043750675471,-0.00174971488968785,0.00496939504273814
h6FQG8Iy,-0.00102955802817934,0.000438950851845754,0.0016236253643694,-0.00159227906877328,0.00454179268399836
h7ftM8b3,0.00631907172659605,0.00133172043465263,0.00621646144786829,-0.000971816504598601,-0.00203503145593008
hLrCHXZv,0.000169323795233761,-0.000645931927960451,0.00172377026183574,0.00108039805666124,-0.00214529377989017
hQ6VBuFx,-0.000547979762117893,0.00212522048761496,0.000908235745371575,-0.00150604599335383,0.00376865615947491
hYoR2y7w,-0.000895660539221664,6.76953707118361e-05,-0.00145983309514703,0.00103617128693069,-0.00200552918886695
hf65yZkM,0.000593113403884309,0.000317696808263371,0.000335946632639521,0.00587044753124852,-0.00291666865001661
hjuwe1x4,-0.000807741878711735,-0.000111105848004661,-0.000273226616709126,-0.000895499459247019,0.000152617778550888
hyINlsFR,-0.000486332760467725,0.00156794260894103,-0.000874138447146544,-0.000433294228173932,0.00162611425424159
i0Qlm9Bv,-0.00116967795033832,-0.000171208846551741,6.94607841476889e-05,-0.00159047966828068,0.00331907046034498
i1VxfxMb,-0.00113912092785889,0.000222543193887133,-4.99928485101229e-05,-0.00153626487157038,0.00341677318274812
i2l6jXNP,-0.00108333664159749,-0.000561234377710404,-0.00221934546835218,-0.000770831902596917,0.00155508958499234
i4FgPZv7,-0.000485654169063338,0.00162837812127816,0.000106764052457711,-0.00169425721516384,0.00270181906861706
i7XtIkSi,-0.000719995308458803,0.00103998716747882,-2.80632641707709e-05,-0.000205677757744162,-0.00102148068294915
i9z346Ut,-0.000660224161776322,0.000346935520930931,-0.00152471297521049,0.00242586958306379,0.00215610484419463
iDOat4cZ,0.00657558593424555,0.00367412685302528,0.00729247225495035,-0.000832333921501862,-0.00250588694130803
iNv6RoSO,-0.00120467992098151,-7.61512042450902e-05,-0.000683893631036868,-0.000633101332639985,0.00234040593865999
iSL9NYzy,0.00944651098149762,0.00147880553968241,0.00684745994485388,0.00694414891104989,-0.00208470077862009
iSqVc1r8,0.000869734847409729,0.00277438886130643,0.00393876425843337,-0.00129613828969114,-0.00112808805108418
iYZMftt6,-0.000595910206933417,0.000117371580530797,-0.00164718218357976,0.00117677753175346,-0.00163564053582619
ieTPaa3c,-0.00112038414726457,-0.000524423322704649,-0.00227501041824893,-0.000914839144949178,0.000530376812888715
if7BmzU0,-0.00123381753974084,-9.07944390353373e-05,-0.000367359479863566,-0.00182189184471305,0.00461060613573227
ihNz5bmx,-0.000934346627971352,0.000165614583226323,-0.00133216882492628,-0.000771940471891963,6.01252336521614e-05
ikJXKdIN,-0.00115208351602778,-0.000451539157647573,0.000789477327902515,-0.00183720705914803,0.00222558714853944
iq2kxikN,-0.000608641018381089,-0.000443443764601163,0.000344525882361415,-0.000477147950374268,-0.00148340942574072
iuZEDJK7,-0.00125477910111831,-0.000306448490464729,-0.00107915316866227,-0.0016832404528347,0.0039731199961134
iyF8gVT7,-0.00112627874733407,0.000510261202706585,-0.000203264875478136,-0.00161579909610992,0.00410214014194478
j06qdQ0V,-0.00106618470670126,-0.000470933982564329,-0.00116042292283559,-0.00110183698774466,0.000726756438923218
j7hl8svO,0.000791209948168935,1.72494789521147e-05,-0.00055240416118453,0.00159345715664986,-0.00270919209281434
j8hMoJUN,-0.00116042897818773,-0.0007011455162514,-0.00106746799233931,-0.0017062209707943,0.000112195270123598
jNaFasbV,-0.00105812230595172,-0.000471137301302781,-0.00258506119344897,0.00163556888429965,-0.00133400982133795
jVVHeYHT,-0.000684767248998004,0.000141446279510767,0.00212944247522728,-0.0012954938214768,0.00110791275819155
jXm4ySvK,-0.00100327577869586,-1.68463891673049e-05,-0.000515988006731958,-0.00105628539504318,0.00223130713117696
juO5ii5l,-0.000380704613776467,0.00028273172953829,0.00332164748701689,-0.00123257106125834,-0.000601208795397241
k2hdEBsU,-0.00126091970697416,-0.00053886335890759,-0.00140914407101571,-0.00174145565143233,0.00414237760384878
k3ynMfhN,0.000153628140579471,0.000589291597842217,0.00403261386110491,-0.000951328372692334,0.00259974592182939
k9C9yBtr,-0.000236590638201305,-0.000715210284770484,0.00109268317253737,0.00248184115681262,-0.00204690608298228
kAKRvcRo,-0.00099174525171604,-0.000944686156404115,-0.00265443143451121,0.00186225774815348,-0.00241449007874753
kBi3R2oC,-0.000441491358788007,0.000136481508194006,0.000454058006161604,-0.000375980763048731,-0.00106465750516071
kDWmnsXe,-0.00102854784414919,-0.000529934940297872,0.00160293961465383,-0.00126653588398874,-0.000819389603578831
kSGBd2Vh,-0.0012306852691498,-0.00026831173211326,-0.00026388963316208,-0.00180656065747628,0.00388712633274705
kT0miHPT,-0.00127480090173254,-0.000272880640555999,-0.00157333399602218,-0.00164126729410393,0.0018205729955595
kaW0TfRn,-0.00102050073858729,-0.000347142490438983,-0.00108211786325741,-0.00143545776398154,0.000579017453601287
kmg3SowO,-0.00100494252873427,-0.00023316032954523,-0.00269148620983309,0.00124157546473058,-0.000196613061397112
kpxKSlnF,0.00535068090135447,0.00147241492205403,0.00534447267558722,0.00323783961769378,-0.000106759668978446
ku2cn1MV,0.00196027700769957,0.000970431403748781,0.00521854566660743,-0.000567182599180296,-0.00150882372491764
l1su5HU9,-0.00080065856991689,0.00175168581576271,-0.000205451578986594,-0.00132902937557208,0.000753106716367008
l8Tg2RvD,-0.000699968318454718,0.001115577504028,0.00146219459782167,-0.00146988561270776,0.00128682781321892
lB6NsVOc,-0.00109136959226561,-6.20491649261576e-05,-5.42254551972984e-05,-0.00174170738911439,0.00486305149596339
lEcdVyKk,-0.00122288760117768,-0.000168457573865193,-0.00123783881454596,-0.00148687056659474,0.00464022077108096
lH4TasGl,-3.46101242467158e-05,0.000172586878734619,0.00204545273258511,-0.00147215960889991,-0.00208275407734271
lO9aggHW,-0.000530166330246856,3.80108051848143e-05,-0.000162034838516413,0.000426487846029597,0.00026433057629639
lW3m9Vzu,-0.000917583867211763,-0.00054285832025355,-0.00119823649693802,-0.000513691280200577,-0.00107090674450389
lYLseGDP,0.00183484194198832,-0.000588452160340478,0.00160019524314498,-0.000870611660542769,0.000614111370863572
lcOnCdZi,-0.000380395016246601,0.000335207510772663,0.00359778138546514,-0.00153845351783502,-0.00143532672757479
le9YGwON,-0.000416899424191497,0.00269728978010117,0.000222052251698792,-0.000451291554669323,-0.000403532540194638
llMvu3TX,0.00554632854796383,0.0010225490099168,0.00738578194751724,-0.00181988545607426,0.00049348414222883
lnHh2jFO,0.000294757690719817,0.00165031238745225,0.0040557864675954,-0.00179665370022736,-0.000806569674709508
m07CVXd4,-0.00103251793498689,0.000396591676568029,0.000655825922798399,-0.00194177096560029,0.00430262534136963
m1lPk91z,-0.000964332627365041,-0.000241456213117841,0.000953395745074553,-0.00176057758594689,0.00382593618709645
m9IQdmwa,-0.00129630289098101,-0.000374270102820564,-0.00152686464445763,-0.00172239670365006,0.00262754895294982
mG9BRy5x,-0.000735287728755376,-0.000296249390454237,0.000335508905411527,-0.0010831757333097,-0.00092190564560963
mVHXnama,-0.00108974335687818,0.000565636549936789,-0.00142267064849667,-0.00133094104880209,-0.000378044050320608
mXyrR6nU,-0.00102637528626596,-0.000673189838892578,-0.000456361471104334,-0.00130592031223114,0.00154629740091553
mbzNdxNc,-0.000987281053052833,-0.000344771869709108,-0.000929261447627797,0.000997939587741433,-0.000246877331204204
mntH7g3L,0.000358001301995542,0.00179324176726531,0.00309293833052814,-0.00164800199900069,-0.000444880419438615
msRTXP3H,-0.000889175097915525,-0.000331884528777219,-0.000274633869882051,-0.000969277958205546,0.00144017937598892
mxBjvIPR,-0.00116138108079234,-0.000418860007879242,-0.0009217700468904,-0.0017315825699436,0.000867693695812787
n8Opmfbz,0.00327803792904469,0.000665624604542616,0.00564056025692629,0.000905053771146303,-0.0019733061919664
nOkgU29Q,-0.00103898326965582,-0.000207101715867249,-0.00226172101725103,0.000659435499810689,-0.000763033585958485
nhttf7VM,-4.5643341786848e-05,0.00339363850913511,0.00465191291361739,0.000508344308348905,-0.000751383489735481
njLbXYa3,-0.000844333663875071,-0.000771191753266306,-0.0015315535404915,-0.00139378088609959,-0.00132533326465789
nwkIpzmh,0.00179743401924199,0.000296745503979812,0.00514412006398945,0.000527434192344741,-0.00211903650855484
nzB1R9Zg,-5.17493144721526e-05,0.000436546789383172,0.00205749449441776,-0.00154076747055334,-0.00125819938883674
o1rZRI84,-0.00133485968308064,-0.000590920592157496,-0.0013947404910943,-0.00155999159000791,0.000545808093340642
o7q5Mbty,-0.000112447348711604,-0.000613386374947586,-0.00116528540857854,0.000765044937150398,-0.00213046714443717
oCBvysqB,-0.00101920278154051,-0.000990676531999525,-0.000867714290533636,-0.00172166616880302,-0.000819891893355518
oDmycTPH,-0.00125923127175443,-0.000759376998505795,-0.000320503519511687,-0.00197608489103101,0.00364042859212365
oFAXZvQv,-0.000997608007012373,-0.000365971101537339,-0.00124376861264396,-0.00105004718104016,-0.000462236011557505
oHE3M1zX,-0.000689527584231134,0.000126547064653116,-0.00100412312396893,0.00232970076067664,0.000909144089885759
oMhVmSpV,-0.0011544058867658,-0.000698663564950349,-0.00077822203796324,-0.00133799486804488,0.000373686481258854
oNsDqVbi,0.00108493255681516,0.00290847592474565,0.00441966340698386,-0.00108167518531281,-0.00175446569630086
oYAJqQk8,-0.0011310044614802,-0.000755098675789317,-0.000819486720623281,-0.0019966026511336,0.00128648548756243
ob5Kb6dW,-0.00128426597390468,0.000225810440174317,-0.00134334148177994,-0.0016021551576686,0.00495114359367246
obnzqs79,-0.00104638738942667,-0.000137182644832583,-0.00121780036089642,-0.00144434663007524,0.000602719258971245
oncLcgRP,-0.000997832489726589,-0.000593067088126479,-0.00244533149899925,-0.000448678637156,-0.000357563877951512
ooWVYaAe,-0.000982255268226944,-0.000595470909114285,-0.00304031271136135,0.00444107689955186,-0.00262209845909348
osdyOUnV,-0.000966915473324279,-0.000365938568829052,-0.00221146796731778,0.000781140529147882,0.000934065625303874
p7H9CzCv,-0.000801793838181062,-0.000690211713439645,-0.00206211946994273,0.000747265237840185,-0.000848978606342326
p7U9hVhY,-0.00116628089562779,-0.00022802473121995,-0.000515496136282927,-0.00141760455098662,0.0035523365589822
pE6Cf1RV,-0.000827272497039412,0.000376989360739096,0.000443482564341584,-0.00141465959474551,0.00246732697896611
pI7qzotI,-0.000567910968628839,-8.13951461829904e-05,-0.000551831391877571,6.75315967983901e-05,-0.000766484854774479
pJrIA4sk,-0.00103578248243792,-0.000712236795073339,-0.000746088608478449,-0.00167498844627446,0.00011248823490462
pXne2CLZ,-0.00142782307578433,-0.000261494371410917,-0.00281836561014625,0.00509761584404061,-0.00282544811785168
pZMcDIOS,-0.00129001346244044,-8.33138807398835e-05,-0.00131601855958297,-0.0017002229443734,0.0025745390372939
pavfp3cc,0.000374334925299059,-0.00059527623838394,0.00473988545324833,-0.000254723149598378,-0.00120234071319405
pbQdC5L3,-0.00109288162850431,-0.000457888069499475,-5.31205013089666e-05,-0.00166619434950535,0.00153705694971679
pgj7aAFP,-0.000783315002164931,0.000272629624584433,-0.00101088350068769,-0.00124306185513218,0.00151171290049994
pxg8G3ed,-0.000273604877910058,0.00152935898799349,-0.000789871726275972,-0.000850364975047913,0.00284547944753187
q36Npk6l,-0.00115201355206999,-0.000664950199858247,-0.000958794749389146,-0.00176322119213902,0.00295038759748409
q4aDOVvq,0.00172201384438893,0.000533507415993314,0.00183669590257565,0.000372809698543252,-0.00283509262206661
qGmfR9CN,-0.000848734961600281,-0.000387888871940002,-0.00187476511967784,0.000752151797213835,-0.000717635731307008
qJ51ODpA,-0.00104019519373276,-0.000431135380086651,-0.00299055087789084,0.00139166227982139,0.000565132004959181
qQX3cs3I,-0.000211364402489018,0.0023057134138462,0.00442083068809252,-0.00111716197501046,-0.00115851605404813
qXeIxPb8,-0.00124164525591477,-0.000185432621515429,-0.000879535261290413,-0.00150061266161843,0.00423059897745352
qYQ4MShM,-0.000587293504115036,0.000684408617724496,-0.00050105293735478,0.000772261951971253,-0.00242014518644653
qa0etnhK,-0.000652780394897226,0.00117743567944235,0.00104852212342102,0.000266589770811654,-0.00193717115889024
qbL4sboq,-0.000736993016364983,0.000237583943332338,-0.000414089863841928,-0.00131480463021326,0.000379420112063749
qbYrsWHq,0.00182499304884764,0.00149701016158779,0.00574098874667198,-0.000637531269958208,-0.000296158472607068
r1zmcUqQ,0.000784519314099988,0.000914085693407935,0.00211880058479036,-0.00136067619531803,-0.00169333721069761
r54iHeQC,-0.00122170674798793,0.000119754498575394,-0.00021427406169718,-0.00167962979128684,0.00419421381544373
r6xrAnQV,0.00479472644863345,-2.98589045473571e-05,0.00713542228427866,0.000402269992779331,0.000914387044123674
r9HxnQDg,-0.000645802704142075,0.00078264743246524,0.00137927107259545,-0.000893455791120582,0.0014345302649467
rG8Puuf9,0.00314649673474442,0.00014600670552766,0.00481927390583669,0.00150595662913497,-0.00283651279116178
rGuiefuR,-0.00067491056351053,-0.000494556357387993,-0.00188050558730548,0.000685157162616067,-0.0016655103009352
rJ19OhGP,-0.00125426560582526,0.000476886050733549,-0.00124697243230251,-0.00154495466297711,0.00545299049359003
rOCYepHd,0.000218654604822629,0.00106370722972746,0.00345828260119614,-0.00144740958289374,-0.00149142753775993
rQJaOPFI,-0.000583501261086913,-5.47841086359492e-05,0.00187791391965574,-0.00127663277276624,-0.000533639573045339
rQhZtZeh,-0.000889637568555782,-6.44398599602056e-05,0.00122026308788105,-0.00156257365965118,0.00263155469778379
rapmok0w,-0.000938665927369095,-0.000478475390028202,-0.00314331990905249,0.000431395596042862,0.000261813817835352
rgzfnPVu,-0.000711092294480364,-5.97370350195824e-05,0.00330811769264373,-0.00141246556338023,-0.000296839930598103
ri4qhb1S,-0.000938414669231014,-0.000779584076652433,0.000428578600951152,-0.00128174842069181,0.000465407793186702
rqpFYzff,-0.000809427083948582,-0.000447788266744042,0.000468536151935345,-0.0013179141069217,-0.000679506744457344
rrs22coX,-0.00119674983594063,-0.000164450952010894,0.000847262777190204,-0.00146646585912122,0.00522754534255754
sEeUCQLc,-0.00124063972488398,-0.000181686419958783,-0.00169367672266687,-0.00126077243601771,0.00362470327565948
sHScwqQl,-0.00126613254643984,-0.000217437674463312,0.000445775293483107,-0.00177859431778809,0.00454910671073086
sNC7DiAt,-0.000967711634566017,-0.000525689296253255,-0.000156737298235539,-0.00142277679513752,0.00282398331338071
sNK2TSs3,-0.00122643003791961,0.000147439916436087,0.00113899106226859,-0.0015555177863645,0.00468227315235589
sO7Su6uw,-0.0010450642219106,-0.000161872315781758,-0.00211487221858026,0.000414337661022478,0.000564256701693426
sOWZx89o,-0.00122743981303487,-0.000265359234137332,-0.00147804446822829,-0.00167154340723485,0.00501351756803139
sPbRcPjC,-0.000392697846692841,0.00111124575565755,-0.00013989408270684,0.000627461677830813,-0.00108299825001216
scVUfTKI,0.00191367276534478,0.00431555060164312,0.00138108241356538,0.00345957124787029,-0.00219438242300557
seRaGeVv,-0.00074746191167959,-0.00030228129368542,-0.00012216639435918,-0.000940150112344978,0.000984119997554843
sgtwiYWi,-0.000998653293508214,-0.000617611735529906,-0.00241405368055441,-0.000524121058634128,-0.00102411120898257
sjmLHcT6,-0.00107661506254868,0.000469566304451179,-0.000256989171158868,-0.00170899686796188,0.000834801161161018
skZUZZGS,-0.000854095088875558,-0.000168122356008517,-8.87382684738056e-05,-0.00136116941127165,-0.000545989502688117
suAmzADX,0.000175117028046386,6.32756562136419e-05,-0.00230995783745321,0.00629416995635437,-0.00306861423864866
t4GWLqlO,0.00211222009552258,0.000258433221264032,0.0052223079895569,-0.00134386441789763,-0.000853959095038792
t7gy6Jyy,0.000433601696725898,-0.000830762766909473,0.00529677810546314,-0.00100304608924841,0.00107807149473285
tBadzH60,0.00573713720907401,0.00201551264266697,0.00698025385856584,-5.71673354829319e-05,-0.00198020631042028
tXUWm0hp,-0.000489188312331056,-0.000125368144010623,-0.00148918804087882,0.00313232081798321,-0.000504489455057019
te6UPPxf,-0.0010839844096247,-0.000888988793164555,-0.00140892597615494,-0.00140643704135514,-0.000999952474782143
ti2lamkL,0.000441914035064043,-0.000146817753833954,0.00201123664626418,-0.000871558231540122,-0.00195207599661703
tr0lpwuU,-0.00123611825116294,0.00120602056549081,-0.00226558941723994,0.00639397636949014,-0.00298304279969562
ttdB5C73,-0.000641564187801875,-0.000373117096783793,-0.000705182408034415,-0.000700151831923269,0.000264403898534739
twS8YZu9,-0.00111083407756674,-0.000357378071681884,-0.00142417665518662,-0.000953982825850032,0.00013143821819061
tx68W34H,-0.000938037604290492,-0.000484076460940578,-0.00230269595096465,0.0037052496269192,-0.00163144830433815
tyQSX4mY,-0.00055592531970346,-0.000336491356866947,0.00149962743191287,-0.00165668714114468,-0.000579734044495378
tylKCRc0,-0.00119979901917811,-0.000247896283489133,-0.00132912442248584,-0.00143970131699902,0.00122146907846438
u1544WUo,-0.00080517018375447,-0.000371576277772888,-0.00151975859570096,-0.0010480213277689,-0.000202375543970184
uAw9an0d,0.000427457534573453,1.4022894396337e-05,0.00252645537963356,-1.37970232170698e-05,-0.00078028407858784
uLZAEXMG,0.0080496784993555,-8.97559440991914e-05,0.00652865739165941,0.000147119645427012,-0.00288816442032082
uMwe1s7I,-0.00106051042163362,-0.00056280683022276,-0.00250585644621653,0.0052643259170755,-0.00266487121655668
ufhGeV3q,-0.00114571448731944,-0.000343453331440891,0.000102028762063263,-0.00162926564326666,-5.39676707392949e-06
uhAeGBHo,-0.000948018385435641,-0.000574182427359725,-0.00257220483164107,0.000706853165816778,-0.00117181063046346
ujHNlqpw,0.00396768508377296,0.00305991271915638,0.00592251647208301,0.000276007480681649,-0.0025691173624765
ulV6kuhB,-0.00118765848259523,-0.000109603228556651,0.000597839343220175,-0.00158000915574117,0.00422724529910138
uohEnNEK,-0.000952466433538913,-0.000581024088493112,-0.00303202748465507,0.00319055653818254,-0.002798509856542
v1lhA8I4,-0.00131223950018062,-0.000459497456974196,0.000221463150174345,-0.00195709230752442,0.00504735056515275
v3JzigLI,-0.00089843050124317,-0.000221443749930139,-0.000820944062907851,-0.00159590000237659,0.00181692781849062
v5IwjyIg,-0.00141900074975749,-0.000723465824038072,-0.0017492229768185,-0.00120851610466585,-0.00183911673949208
v6lp5TK1,-0.000994740535942293,-0.000186526252541997,0.000341798716011241,-0.00177787167315156,0.00326481568023058
v8vOaaWq,-0.00107853266423472,-0.000186623225534823,-0.00264515846160648,0.000228554230423615,0.00149072157225902
vAYKtoil,-0.00129691315303733,0.000141379121498887,-0.00182305332528949,-0.000324851983970152,-0.0018397082610717
vGTNQa6G,0.0067328409179317,0.00121271456985114,0.00618409652070897,0.00427162869554579,-0.000823112749496326
vQzNxHoL,-0.000856983334480125,-0.000588057104924947,-0.00163093297264968,-0.00164799824085166,-0.00088118513768319
vfZGBUJm,-0.00092662820111364,-0.000429263838974685,-0.000553433690044806,-0.00116297966773893,-0.00043424505928178
vlooVUoT,-0.000829960772132901,0.00160414224540342,-0.00115622965701745,0.00128698627693709,-0.000764180614705035
vrACvd4O,-0.000712639551764355,-0.000692241213361539,-0.00163059526429738,-0.000390881907826982,-0.00134793417739231
w8hdjLwb,-0.000782623677155448,-4.91422728928565e-05,0.000426948936011953,-0.00133873625279387,0.00297279937099734
wAntv4gH,0.000109696937645693,0.00169525773712747,0.00585067738596245,-0.00136340631115009,0.00221046328080773
wIUL09q0,-0.00115138723776026,-0.000824431582783081,-0.000857557723254812,-0.00167966812850775,0.000665777814654691
wOzx7Fgz,-0.00111237630447786,-0.000549467163883533,-0.000843234126406333,-0.0015981287038342,-0.000373087458712852
wPhjhCJQ,-0.00130680167695502,-3.60831069269691e-05,-0.00175995864379112,-0.00173005880911751,0.00572333462979239
wQSWWmYB,-0.00096759561199461,-0.000500143745981189,2.42695436039777e-05,-0.0011996226636021,0.00155690354784409
wdIMrXwy,0.00505072303653957,0.00278782439878308,0.00717757041265485,-0.00132377581858388,-0.000529142720206374
wiL9npQc,-0.00122444563339445,5.73498471940257e-05,-0.00119840113358885,-0.00174327601995554,0.00315676592279777
wnU95Cxn,0.00698082345814539,-2.38966711801906e-05,0.00653961944925216,-0.0018624474769308,-0.00189429555000715
wpJbbjJs,4.16306701204176e-05,0.00396967244289334,0.00470480828133101,3.95346651912485e-05,-0.00180109985986332
wsOWTAbI,0.00197365167214293,0.000372277225835261,0.00234569184565237,0.00493618647190964,-0.00155199179214001
wtdBcU3U,-0.000702862549006002,-0.000761944209019607,-0.00100444530259547,-0.00173161320259051,-2.8159146432973e-05
wuKXVxOc,-0.00114545290125206,0.000167637007695857,-0.00212864613240354,-0.000957388305122903,0.00356977205684432
wyzadAt8,-0.0011814016565492,7.95459385466163e-05,-0.000505169219152319,-0.00186227952611037,0.00474794187798045
wzaKzYwi,-0.000889665846665351,-0.000417193768975931,0.00318104969115547,-0.00187319877639746,0.0031109078910716
x6GCk4EV,-0.00114617479856785,-6.12987912276581e-05,-0.00021080057219579,-0.00157613085343829,0.0036364823055918
x6lUi3vf,-0.00025913089010148,0.000177529340134569,-0.00066137751832829,0.00346138566509378,-0.00293445643311219
x8mwDHv9,-0.0010663220483698,-0.00010806820003916,-0.000176407736749258,-0.00141164683992008,0.00150600933679966
xIYm6puH,0.00203879713597839,0.00355969272380779,0.000716985440898865,0.00271857573971134,-0.00296330839792189
xO6UdpsK,0.00183255050030482,0.00300653002662643,0.00166660924275336,-0.000298763226748979,-0.00230281861662374
xQ2bkOvj,-0.00100114699334272,-0.000589676659196805,-0.00275541456926371,0.00274679702614999,-0.0023228671191335
xeXyDCEQ,0.00845676367568368,0.00090864862356589,0.0071489074185846,0.00568942435911553,-0.00264440925659221
xrggHziO,-0.000558322231002495,-0.000114073139291418,0.000918868097361134,-0.00105432254287073,-0.000125624945103507
y1WMCmqQ,-0.0010405515794145,-0.000657420286889671,-0.00156808334926054,-0.00140848509520791,-0.000520415177836914
yDngezhM,-0.00111045593495765,-0.0007517592567379,-0.000875450930631667,-0.00165594836157399,-0.000298384503133537
yLiFjMD0,-0.000897811537303921,0.0017245322854425,0.000574868936047052,-0.00153969922668316,0.00302796698369625
ySwEBO7w,-0.000995206033246134,-0.000789896465519471,-0.000833542185988554,-0.000815277338555298,-0.000751136068577004
ydC9UsSm,-0.00110778628495107,-1.43070274860325e-05,-0.00300515268208099,0.0017727892559063,0.0017540452048556
ydEG4VBd,-0.000756529212926312,-0.000397045738538714,-0.00123315802220638,-0.000806628799165271,-0.000171305350363315
yf76yWXc,5.38568291135351e-05,0.00381499352016907,0.00489568734380084,-0.00120950297969974,-0.0017683075613096
yg70e63n,-0.000742354559858399,-0.000120775411845081,-0.000245120938797974,-6.92076188478864e-05,-0.00138957344763031
ywxtlSKv,-0.00102999642857353,-0.000625361274731072,-0.00226022809677449,-0.000401994577329943,0.000212185310160358
yzKPQPOR,-0.00122069665094299,0.000139283408171701,-0.00247854453759838,0.00363206695218867,-0.00252878861719797
z5cnOnZ1,-0.000952177454111721,-0.000920108828687791,-0.00172263111919931,-0.00118871780165558,-0.00121480119206614
zFLkOE0e,0.000409997855033232,2.55856699936265e-05,0.00293761464824934,0.00163769779923936,-0.00197608513927098
zGi72mxL,-0.000539531036741495,0.0003424212012487,-0.00179084914390135,0.00178177248848948,-0.00194888842407887
zN925UV3,-0.000756653258344558,-0.000624545556947167,-0.00126586124920578,0.000803285501564427,-0.00142311074613052
zTy2ih7e,-0.00104450914980273,-0.000626171937779073,-0.00115198652476927,-0.00138594168420703,0.00297111608554559
zVFzAutw,-0.000760142031017989,0.000998876620958799,5.34734142812981e-07,-0.00132886065421014,0.00245852450546465
zYxNAkht,-0.00112877998845347,-0.000732286781319824,-0.000746806421924775,-0.00176161337174178,0.00241346207159
zaWDBai3,-0.000609115627236328,0.00264373996615994,-0.000217703125864665,-0.000842966368982254,0.00380025880818229
zg3u0Zsx,-0.000575605044793008,0.00224779842451107,-0.000249082587168742,-0.000788036235295345,-2.84624479564687e-05
zlwLfdsS,-0.00158318943407845,-0.000503992021256515,-0.00282416654046387,0.0056058290471062,-0.00253119675302558
zmbKzVfl,-0.00081394048479646,-0.000401121093129113,-0.00151143000396709,0.000283338804505237,0.00127993710488118
